,Year,Month,Sales(In ThousandDollars),Monthly Nominal GDP Index (inMillion$),Monthly Real GDP Index (inMillion$),CPI,unemployment rate,CommercialBankInterestRateonCreditCardPlans,"Finance Rate on Personal Loans at Commercial Banks, 24 Month Loan",Earnings or wages  in dollars per hour,Cotton Monthly Price - US cents per Pound(lbs),Change(in%),Average upland planted(million acres),Average upland harvested(million acres),yieldperharvested acre,Production (in  480-lb netweright in million bales),Mill use  (in  480-lb netweright in million bales),Exports,ProductCategory_OtherClothing,ProductCategory_WomenClothing
0,2009,1,1755.0,14421.7528954451,14407.053343022,233.402,7.8,12.03,11.44,22.05,57.7,4.02,9.296,7.559,799.0,12.589,4.17,11.55,0,1
1,2009,1,524.0,14421.7528954451,14407.053343022,233.402,7.8,12.03,11.44,22.05,57.7,4.02,9.296,7.559,799.0,12.589,4.17,11.55,0,0
2,2009,1,936.0,14421.7528954451,14407.053343022,233.402,7.8,12.03,11.44,22.05,57.7,4.02,9.296,7.559,799.0,12.589,4.17,11.55,1,0
3,2009,2,1729.0,14389.2004660291,14366.1765714005,234.663,8.3,12.97,11.05,22.22,55.21,-4.32,9.296,7.559,799.0,12.589,3.87,11.1,0,1
4,2009,2,496.0,14389.2004660291,14366.1765714005,234.663,8.3,12.97,11.05,22.22,55.21,-4.32,9.296,7.559,799.0,12.589,3.87,11.1,0,0
5,2009,2,859.0,14389.2004660291,14366.1765714005,234.663,8.3,12.97,11.05,22.22,55.21,-4.32,9.296,7.559,799.0,12.589,3.87,11.1,1,0
6,2009,3,2256.0,14340.7016385792,14351.7868217385,235.067,8.7,12.97,11.05,22.22,51.5,-6.72,9.296,7.559,799.0,12.589,3.72,11.65,0,1
7,2009,3,542.0,14340.7016385792,14351.7868217385,235.067,8.7,12.97,11.05,22.22,51.5,-6.72,9.296,7.559,799.0,12.589,3.72,11.65,0,0
8,2009,3,921.0,14340.7016385792,14351.7868217385,235.067,8.7,12.97,11.05,22.22,51.5,-6.72,9.296,7.559,799.0,12.589,3.72,11.65,1,0
9,2009,4,2662.0,14326.8155253522,14351.6017305356,235.582,9.0,12.97,11.05,22.13,56.78,10.25,9.296,7.559,787.0,12.4,3.62,12.225,0,1
10,2009,4,669.0,14326.8155253522,14351.6017305356,235.582,9.0,12.97,11.05,22.13,56.78,10.25,9.296,7.559,787.0,12.4,3.62,12.225,0,0
11,2009,4,914.0,14326.8155253522,14351.6017305356,235.582,9.0,12.97,11.05,22.13,56.78,10.25,9.296,7.559,787.0,12.4,3.62,12.225,1,0
12,2009,5,2732.0,14345.9048088631,14368.1239591978,235.975,9.4,13.32,11.25,22.04,61.95,9.11,9.297,7.4,803.0,12.384,3.52,12.3,0,1
13,2009,5,650.0,14345.9048088631,14368.1239591978,235.975,9.4,13.32,11.25,22.04,61.95,9.11,9.297,7.4,803.0,12.384,3.52,12.3,0,0
14,2009,5,989.0,14345.9048088631,14368.1239591978,235.975,9.4,13.32,11.25,22.04,61.95,9.11,9.297,7.4,803.0,12.384,3.52,12.3,1,0
15,2009,6,2220.0,14348.5306658082,14346.8201055735,237.172,9.5,13.32,11.25,21.96,61.39,-0.9,8.668,7.76,796.0,12.876,3.47,10.3,0,1
16,2009,6,607.0,14348.5306658082,14346.8201055735,237.172,9.5,13.32,11.25,21.96,61.39,-0.9,8.668,7.76,796.0,12.876,3.47,10.3,0,0
17,2009,6,932.0,14348.5306658082,14346.8201055735,237.172,9.5,13.32,11.25,21.96,61.39,-0.9,8.668,7.76,796.0,12.876,3.47,10.3,1,0
18,2009,7,2164.0,14317.3729221509,14345.6760973542,237.6,9.5,13.32,11.25,22.0,64.8,5.55,8.905,7.753,796.0,12.863,3.47,9.7,0,1
19,2009,7,575.0,14317.3729221509,14345.6760973542,237.6,9.5,13.32,11.25,22.0,64.8,5.55,8.905,7.753,796.0,12.863,3.47,9.7,0,0
20,2009,7,901.0,14317.3729221509,14345.6760973542,237.6,9.5,13.32,11.25,22.0,64.8,5.55,8.905,7.753,796.0,12.863,3.47,9.7,1,0
21,2009,8,2371.0,14424.2849012372,14435.812508554,238.282,9.6,13.71,10.89,22.16,64.26,-0.83,8.905,7.619,809.0,12.84,3.47,9.7,0,1
22,2009,8,551.0,14424.2849012372,14435.812508554,238.282,9.6,13.71,10.89,22.16,64.26,-0.83,8.905,7.619,809.0,12.84,3.47,9.7,0,0
23,2009,8,865.0,14424.2849012372,14435.812508554,238.282,9.6,13.71,10.89,22.16,64.26,-0.83,8.905,7.619,809.0,12.84,3.47,9.7,1,0
24,2009,9,2421.0,14410.7771765398,14425.9727515716,238.568,9.8,13.71,10.89,22.2,64.07,-0.3,8.989,7.582,827.0,13.071,3.47,10.0,0,1
25,2009,9,579.0,14410.7771765398,14425.9727515716,238.568,9.8,13.71,10.89,22.2,64.07,-0.3,8.989,7.582,827.0,13.071,3.47,10.0,0,0
26,2009,9,819.0,14410.7771765398,14425.9727515716,238.568,9.8,13.71,10.89,22.2,64.07,-0.3,8.989,7.582,827.0,13.071,3.47,10.0,1,0
27,2009,10,2579.0,14596.6054472681,14595.3930938759,238.38,10.0,13.71,10.89,22.27,66.82,4.29,8.989,7.586,799.0,12.631,3.37,10.0,0,1
28,2009,10,610.0,14596.6054472681,14595.3930938759,238.38,10.0,13.71,10.89,22.27,66.82,4.29,8.989,7.586,799.0,12.631,3.37,10.0,0,0
29,2009,10,914.0,14596.6054472681,14595.3930938759,238.38,10.0,13.71,10.89,22.27,66.82,4.29,8.989,7.586,799.0,12.631,3.37,10.0,1,0
30,2009,11,2521.0,14590.4322515432,14559.4101732519,238.777,9.9,13.6,11.2,22.44,71.78,7.42,8.989,7.586,767.0,12.129,3.37,9.95,0,1
31,2009,11,620.0,14590.4322515432,14559.4101732519,238.777,9.9,13.6,11.2,22.44,71.78,7.42,8.989,7.586,767.0,12.129,3.37,9.95,0,0
32,2009,11,955.0,14590.4322515432,14559.4101732519,238.777,9.9,13.6,11.2,22.44,71.78,7.42,8.989,7.586,767.0,12.129,3.37,9.95,1,0
33,2009,12,3390.0,14512.4953011728,14471.040843924,238.427,9.9,13.6,11.2,22.38,76.78,6.97,8.989,7.586,774.0,12.225,3.37,10.425,0,1
34,2009,12,930.0,14512.4953011728,14471.040843924,238.427,9.9,13.6,11.2,22.38,76.78,6.97,8.989,7.586,774.0,12.225,3.37,10.425,0,0
35,2009,12,1351.0,14512.4953011728,14471.040843924,238.427,9.9,13.6,11.2,22.38,76.78,6.97,8.989,7.586,774.0,12.225,3.37,10.425,1,0
36,2010,1,2142.0,14613.9914806524,14551.0248379337,238.97,9.8,13.6,11.2,22.51,77.4,0.81,9.008,7.552,763.0,12.011,3.37,10.4,0,1
37,2010,1,476.0,14613.9914806524,14551.0248379337,238.97,9.8,13.6,11.2,22.51,77.4,0.81,9.008,7.552,763.0,12.011,3.37,10.4,0,0
38,2010,1,945.0,14613.9914806524,14551.0248379337,238.97,9.8,13.6,11.2,22.51,77.4,0.81,9.008,7.552,763.0,12.011,3.37,10.4,1,0
39,2010,2,2413.0,14652.8802715638,14581.3756942286,238.862,9.8,14.26,10.83,22.57,80.04,3.41,9.008,7.552,763.0,12.011,3.37,11.4,0,1
40,2010,2,471.0,14652.8802715638,14581.3756942286,238.862,9.8,14.26,10.83,22.57,80.04,3.41,9.008,7.552,763.0,12.011,3.37,11.4,0,0
41,2010,2,869.0,14652.8802715638,14581.3756942286,238.862,9.8,14.26,10.83,22.57,80.04,3.41,9.008,7.552,763.0,12.011,3.37,11.4,1,0
42,2010,3,3102.0,14776.3172477831,14682.0107425024,240.101,9.9,14.26,10.83,22.48,85.79,7.18,9.008,7.552,763.0,12.011,3.47,11.375,0,1
43,2010,3,568.0,14776.3172477831,14682.0107425024,240.101,9.9,14.26,10.83,22.48,85.79,7.18,9.008,7.552,763.0,12.011,3.47,11.375,0,0
44,2010,3,941.0,14776.3172477831,14682.0107425024,240.101,9.9,14.26,10.83,22.48,85.79,7.18,9.008,7.552,763.0,12.011,3.47,11.375,1,0
45,2010,4,1080.5,14844.5311931878,14724.2001528266,240.529,9.9,14.26,10.83,22.53,88.09,2.68,9.008,7.552,747.0,11.751,3.47,11.365,0,1
46,2010,4,630.0,14844.5311931878,14724.2001528266,240.529,9.9,14.26,10.83,22.53,88.09,2.68,9.008,7.552,747.0,11.751,3.47,11.365,0,0
47,2010,4,1080.5,14844.5311931878,14724.2001528266,240.529,9.9,14.26,10.83,22.53,88.09,2.68,9.008,7.552,747.0,11.751,3.47,11.365,1,0
48,2010,5,3221.0,14875.6984356304,14741.3673469787,241.075,9.6,13.84,11.0,22.6,90.07,2.25,9.008,7.391,766.0,11.788,3.375,11.34,0,1
49,2010,5,627.0,14875.6984356304,14741.3673469787,241.075,9.6,13.84,11.0,22.6,90.07,2.25,9.008,7.391,766.0,11.788,3.375,11.34,0,0
50,2010,5,991.0,14875.6984356304,14741.3673469787,241.075,9.6,13.84,11.0,22.6,90.07,2.25,9.008,7.391,766.0,11.788,3.375,11.34,1,0
51,2010,6,2756.0,14945.570371108,14772.3180512573,240.817,9.4,13.84,11.0,22.34,91.68,1.79,10.315,9.642,806.0,16.2,3.275,13.05,0,1
52,2010,6,598.0,14945.570371108,14772.3180512573,240.817,9.4,13.84,11.0,22.34,91.68,1.79,10.315,9.642,806.0,16.2,3.275,13.05,0,0
53,2010,6,984.0,14945.570371108,14772.3180512573,240.817,9.4,13.84,11.0,22.34,91.68,1.79,10.315,9.642,806.0,16.2,3.275,13.05,1,0
54,2010,7,2749.0,15019.2352626891,14833.7492771408,241.147,9.4,13.84,11.0,22.41,84.15,-8.21,10.7,10.193,836.0,17.75,3.37,13.8,0,1
55,2010,7,544.0,15019.2352626891,14833.7492771408,241.147,9.4,13.84,11.0,22.41,84.15,-8.21,10.7,10.193,836.0,17.75,3.37,13.8,0,0
56,2010,7,937.0,15019.2352626891,14833.7492771408,241.147,9.4,13.84,11.0,22.41,84.15,-8.21,10.7,10.193,836.0,17.75,3.37,13.8,1,0
57,2010,8,2807.0,15036.2776269679,14824.1657696352,241.569,9.5,13.59,10.71,22.55,90.35,7.37,10.7,10.424,831.0,18.036,3.37,14.525,0,1
58,2010,8,1080.5,15036.2776269679,14824.1657696352,241.569,9.5,13.59,10.71,22.55,90.35,7.37,10.7,10.424,831.0,18.036,3.37,14.525,0,0
59,2010,8,897.0,15036.2776269679,14824.1657696352,241.569,9.5,13.59,10.71,22.55,90.35,7.37,10.7,10.424,831.0,18.036,3.37,14.525,1,0
60,2010,9,2919.0,15117.4671103891,14878.5469831135,241.485,9.5,13.59,10.71,22.6,104.73,15.92,10.829,10.566,833.0,18.343,3.57,15.025,0,1
61,2010,9,563.0,15117.4671103891,14878.5469831135,241.485,9.5,13.59,10.71,22.6,104.73,15.92,10.829,10.566,833.0,18.343,3.57,15.025,0,0
62,2010,9,839.0,15117.4671103891,14878.5469831135,241.485,9.5,13.59,10.71,22.6,104.73,15.92,10.829,10.566,833.0,18.343,3.57,15.025,1,0
63,2010,10,3071.0,15219.059036066,14945.4270878445,241.981,9.4,13.59,10.71,22.7,126.55,20.83,10.829,10.566,835.0,18.375,3.57,15.025,0,1
64,2010,10,634.0,15219.059036066,14945.4270878445,241.981,9.4,13.59,10.71,22.7,126.55,20.83,10.829,10.566,835.0,18.375,3.57,15.025,0,0
65,2010,10,930.0,15219.059036066,14945.4270878445,241.981,9.4,13.59,10.71,22.7,126.55,20.83,10.829,10.566,835.0,18.375,3.57,15.025,1,0
66,2010,11,3276.0,15185.62894712,14896.6748133866,241.96,9.8,13.44,10.94,22.69,155.47,22.85,10.829,10.566,814.0,17.92,3.42,15.275,0,1
67,2010,11,669.0,15185.62894712,14896.6748133866,241.96,9.8,13.44,10.94,22.69,155.47,22.85,10.829,10.566,814.0,17.92,3.42,15.275,0,0
68,2010,11,1035.0,15185.62894712,14896.6748133866,241.96,9.8,13.44,10.94,22.69,155.47,22.85,10.829,10.566,814.0,17.92,3.42,15.275,1,0
69,2010,12,4360.0,15285.9360167865,14975.0402068452,241.874,9.3,13.44,10.94,22.76,168.22,8.2,10.829,10.566,807.0,17.77,3.52,15.275,0,1
70,2010,12,988.0,15285.9360167865,14975.0402068452,241.874,9.3,13.44,10.94,22.76,168.22,8.2,10.829,10.566,807.0,17.77,3.52,15.275,0,0
71,2010,12,1398.0,15285.9360167865,14975.0402068452,241.874,9.3,13.44,10.94,22.76,168.22,8.2,10.829,10.566,807.0,17.77,3.52,15.275,1,0
72,2011,1,2193.0,15149.1361633756,14838.1555802799,242.639,9.1,13.44,10.94,23.16,178.93,6.37,10.769,10.505,814.0,17.817,3.565,15.28,0,1
73,2011,1,487.0,15149.1361633756,14838.1555802799,242.639,9.1,13.44,10.94,23.16,178.93,6.37,10.769,10.505,814.0,17.817,3.565,15.28,0,0
74,2011,1,968.0,15149.1361633756,14838.1555802799,242.639,9.1,13.44,10.94,23.16,178.93,6.37,10.769,10.505,814.0,17.817,3.565,15.28,1,0
75,2011,2,2620.0,15161.5783305761,14801.7341813383,243.832,9.0,13.44,10.98,22.99,213.18,19.14,10.769,10.505,814.0,17.817,3.565,15.28,0,1
76,2011,2,497.0,15161.5783305761,14801.7341813383,243.832,9.0,13.44,10.98,22.99,213.18,19.14,10.769,10.505,814.0,17.817,3.565,15.28,0,0
77,2011,2,878.0,15161.5783305761,14801.7341813383,243.832,9.0,13.44,10.98,22.99,213.18,19.14,10.769,10.505,814.0,17.817,3.565,15.28,1,0
78,2011,3,3266.0,15404.3985060739,15004.1154699802,245.617,9.0,13.44,10.98,22.9,229.67,7.74,10.769,10.505,814.0,17.817,3.565,15.28,0,1
79,2011,3,599.0,15404.3985060739,15004.1154699802,245.617,9.0,13.44,10.98,22.9,229.67,7.74,10.769,10.505,814.0,17.817,3.565,15.28,0,0
80,2011,3,1064.0,15404.3985060739,15004.1154699802,245.617,9.0,13.44,10.98,22.9,229.67,7.74,10.769,10.505,814.0,17.817,3.565,15.28,1,0
81,2011,4,3414.0,15488.0048636643,15050.6611720031,246.489,9.1,13.44,10.98,22.96,216.62,-5.68,10.769,10.505,804.0,17.597,3.665,15.28,0,1
82,2011,4,690.0,15488.0048636643,15050.6611720031,246.489,9.1,13.44,10.98,22.96,216.62,-5.68,10.769,10.505,804.0,17.597,3.665,15.28,0,0
83,2011,4,985.0,15488.0048636643,15050.6611720031,246.489,9.1,13.44,10.98,22.96,216.62,-5.68,10.769,10.505,804.0,17.597,3.665,15.28,1,0
84,2011,5,3340.0,15472.3912891333,14990.9638155792,248.073,9.0,12.89,11.37,23.06,165.52,-23.59,10.769,10.497,805.0,17.6,3.76,15.02,0,1
85,2011,5,677.0,15472.3912891333,14990.9638155792,248.073,9.0,12.89,11.37,23.06,165.52,-23.59,10.769,10.497,805.0,17.6,3.76,15.02,0,0
86,2011,5,1027.0,15472.3912891333,14990.9638155792,248.073,9.0,12.89,11.37,23.06,165.52,-23.59,10.769,10.497,805.0,17.6,3.76,15.02,1,0
87,2011,6,3232.0,15422.3818472482,14927.332731337,248.505,9.1,12.89,11.37,22.81,160.65,-2.94,12.313,9.95,787.0,16.323,3.77,12.4,0,1
88,2011,6,1080.5,15422.3818472482,14927.332731337,248.505,9.1,12.89,11.37,22.81,160.65,-2.94,12.313,9.95,787.0,16.323,3.77,12.4,0,0
89,2011,6,1080.5,15422.3818472482,14927.332731337,248.505,9.1,12.89,11.37,22.81,160.65,-2.94,12.313,9.95,787.0,16.323,3.77,12.4,1,0
90,2011,7,2896.0,15547.8544517524,15011.7614106743,249.164,9.0,12.89,11.37,22.94,149.25,-7.1,13.436,9.314,785.0,15.225,3.77,11.325,0,1
91,2011,7,587.0,15547.8544517524,15011.7614106743,249.164,9.0,12.89,11.37,22.94,149.25,-7.1,13.436,9.314,785.0,15.225,3.77,11.325,0,0
92,2011,7,985.0,15547.8544517524,15011.7614106743,249.164,9.0,12.89,11.37,22.94,149.25,-7.1,13.436,9.314,785.0,15.225,3.77,11.325,1,0
93,2011,8,3245.0,15649.0381355786,15085.2292553138,250.058,9.0,12.28,10.8,22.85,114.1,-23.55,13.436,9.379,809.0,15.817,3.77,11.65,0,1
94,2011,8,549.0,15649.0381355786,15085.2292553138,250.058,9.0,12.28,10.8,22.85,114.1,-23.55,13.436,9.379,809.0,15.817,3.77,11.65,0,0
95,2011,8,1001.0,15649.0381355786,15085.2292553138,250.058,9.0,12.28,10.8,22.85,114.1,-23.55,13.436,9.379,809.0,15.817,3.77,11.65,1,0
96,2011,9,3182.0,15564.482412702,14966.8228660961,250.559,9.0,12.28,10.8,23.05,116.65,2.23,14.431,9.562,794.0,15.819,3.775,11.325,0,1
97,2011,9,643.0,15564.482412702,14966.8228660961,250.559,9.0,12.28,10.8,23.05,116.65,2.23,14.431,9.562,794.0,15.819,3.775,11.325,0,0
98,2011,9,930.0,15564.482412702,14966.8228660961,250.559,9.0,12.28,10.8,23.05,116.65,2.23,14.431,9.562,794.0,15.819,3.775,11.325,1,0
99,2011,10,1080.5,15840.3854064224,15249.7634842258,250.051,8.8,12.28,10.8,23.3,110.61,-5.18,14.431,9.562,797.0,15.871,3.775,10.825,0,1
100,2011,10,682.0,15840.3854064224,15249.7634842258,250.051,8.8,12.28,10.8,23.3,110.61,-5.18,14.431,9.562,797.0,15.871,3.775,10.825,0,0
101,2011,10,1020.0,15840.3854064224,15249.7634842258,250.051,8.8,12.28,10.8,23.3,110.61,-5.18,14.431,9.562,797.0,15.871,3.775,10.825,1,0
102,2011,11,3499.0,15775.0060676968,15172.6925598969,249.317,8.6,12.36,10.36,23.15,104.68,-5.36,14.431,9.562,781.0,15.563,3.775,10.625,0,1
103,2011,11,707.0,15775.0060676968,15172.6925598969,249.317,8.6,12.36,10.36,23.15,104.68,-5.36,14.431,9.562,781.0,15.563,3.775,10.625,0,0
104,2011,11,1147.0,15775.0060676968,15172.6925598969,249.317,8.6,12.36,10.36,23.15,104.68,-5.36,14.431,9.562,781.0,15.563,3.775,10.625,1,0
105,2011,12,4775.0,15740.5445259163,15148.8221953324,248.307,8.5,12.36,10.36,23.22,95.45,-8.82,14.431,9.562,757.0,15.09,3.575,10.65,0,1
106,2011,12,1081.0,15740.5445259163,15148.8221953324,248.307,8.5,12.36,10.36,23.22,95.45,-8.82,14.431,9.562,757.0,15.09,3.575,10.65,0,0
107,2011,12,1596.0,15740.5445259163,15148.8221953324,248.307,8.5,12.36,10.36,23.22,95.45,-8.82,14.431,9.562,757.0,15.09,3.575,10.65,1,0
108,2012,1,2287.0,15864.5023386066,15226.2046784787,249.322,8.3,12.36,10.36,23.56,101.11,5.93,14.426,9.444,754.0,14.828,3.575,10.35,0,1
109,2012,1,525.0,15864.5023386066,15226.2046784787,249.322,8.3,12.36,10.36,23.56,101.11,5.93,14.426,9.444,754.0,14.828,3.575,10.35,0,0
110,2012,1,1039.0,15864.5023386066,15226.2046784787,249.322,8.3,12.36,10.36,23.56,101.11,5.93,14.426,9.444,754.0,14.828,3.575,10.35,1,0
111,2012,2,2800.0,16073.5753898301,15385.8470175993,250.285,8.3,12.34,10.89,23.4,100.75,-0.36,14.426,9.444,754.0,14.828,3.475,10.35,0,1
112,2012,2,545.0,16073.5753898301,15385.8470175993,250.285,8.3,12.34,10.89,23.4,100.75,-0.36,14.426,9.444,754.0,14.828,3.475,10.35,0,0
113,2012,2,1080.5,16073.5753898301,15385.8470175993,250.285,8.3,12.34,10.89,23.4,100.75,-0.36,14.426,9.444,754.0,14.828,3.475,10.35,1,0
114,2012,3,3566.0,15983.5652716362,15261.3405819789,251.887,8.2,12.34,10.89,23.39,99.5,-1.24,14.426,9.444,754.0,14.828,3.375,10.35,0,1
115,2012,3,623.0,15983.5652716362,15261.3405819789,251.887,8.2,12.34,10.89,23.39,99.5,-1.24,14.426,9.444,754.0,14.828,3.375,10.35,0,0
116,2012,3,1229.0,15983.5652716362,15261.3405819789,251.887,8.2,12.34,10.89,23.39,99.5,-1.24,14.426,9.444,754.0,14.828,3.375,10.35,1,0
117,2012,4,3724.0,16091.2281000548,15340.6535798089,252.349,8.2,12.34,10.89,23.61,100.1,0.6,14.428,9.156,772.0,14.722,3.373,10.75,0,1
118,2012,4,711.0,16091.2281000548,15340.6535798089,252.349,8.2,12.34,10.89,23.61,100.1,0.6,14.428,9.156,772.0,14.722,3.373,10.75,0,0
119,2012,4,1136.0,16091.2281000548,15340.6535798089,252.349,8.2,12.34,10.89,23.61,100.1,0.6,14.428,9.156,772.0,14.722,3.373,10.75,1,0
120,2012,5,3800.0,16121.9589634314,15354.6505826443,252.652,8.2,12.06,10.94,23.32,88.53,-11.56,14.428,9.156,772.0,14.722,3.373,10.75,0,1
121,2012,5,725.0,16121.9589634314,15354.6505826443,252.652,8.2,12.06,10.94,23.32,88.53,-11.56,14.428,9.156,772.0,14.722,3.373,10.75,0,0
122,2012,5,1155.0,16121.9589634314,15354.6505826443,252.652,8.2,12.06,10.94,23.32,88.53,-11.56,14.428,9.156,772.0,14.722,3.373,10.75,1,0
123,2012,6,3086.0,16152.3659365104,15392.2492751784,252.406,8.2,12.06,10.94,23.27,82.18,-7.17,12.885,10.234,764.0,16.28,3.47,11.1,0,1
124,2012,6,703.0,16152.3659365104,15392.2492751784,252.406,8.2,12.06,10.94,23.27,82.18,-7.17,12.885,10.234,764.0,16.28,3.47,11.1,0,0
125,2012,6,1205.0,16152.3659365104,15392.2492751784,252.406,8.2,12.06,10.94,23.27,82.18,-7.17,12.885,10.234,764.0,16.28,3.47,11.1,1,0
126,2012,7,2877.0,16239.4201032127,15433.3698674452,252.016,8.2,12.06,10.94,23.48,83.97,2.18,12.4,10.167,773.0,16.365,3.375,11.4,0,1
127,2012,7,613.0,16239.4201032127,15433.3698674452,252.016,8.2,12.06,10.94,23.48,83.97,2.18,12.4,10.167,773.0,16.365,3.375,11.4,0,0
128,2012,7,1049.0,16239.4201032127,15433.3698674452,252.016,8.2,12.06,10.94,23.48,83.97,2.18,12.4,10.167,773.0,16.365,3.375,11.4,1,0
129,2012,8,3059.0,16161.1181717827,15317.4241933126,253.472,8.1,11.95,10.37,23.26,84.4,0.51,12.4,10.577,771.0,16.988,3.375,11.375,0,1
130,2012,8,1080.5,16161.1181717827,15317.4241933126,253.472,8.1,11.95,10.37,23.26,84.4,0.51,12.4,10.577,771.0,16.988,3.375,11.375,0,0
131,2012,8,1124.0,16161.1181717827,15317.4241933126,253.472,8.1,11.95,10.37,23.26,84.4,0.51,12.4,10.577,771.0,16.988,3.375,11.375,1,0
132,2012,9,1080.5,16283.2787249827,15391.8773100951,254.554,7.8,11.95,10.37,23.67,84.15,-0.3,12.121,10.206,774.0,16.452,3.375,11.075,0,1
133,2012,9,687.0,16283.2787249827,15391.8773100951,254.554,7.8,11.95,10.37,23.67,84.15,-0.3,12.121,10.206,774.0,16.452,3.375,11.075,0,0
134,2012,9,1045.0,16283.2787249827,15391.8773100951,254.554,7.8,11.95,10.37,23.67,84.15,-0.3,12.121,10.206,774.0,16.452,3.375,11.075,1,0
135,2012,10,3168.0,16208.3147572587,15292.3498602317,254.277,7.8,11.95,10.37,23.52,81.95,-2.61,12.121,10.206,782.0,16.63,3.375,10.875,0,1
136,2012,10,710.0,16208.3147572587,15292.3498602317,254.277,7.8,11.95,10.37,23.52,81.95,-2.61,12.121,10.206,782.0,16.63,3.375,10.875,0,0
137,2012,10,1158.0,16208.3147572587,15292.3498602317,254.277,7.8,11.95,10.37,23.52,81.95,-2.61,12.121,10.206,782.0,16.63,3.375,10.875,1,0
138,2012,11,3558.0,16272.7062267461,15362.0978554107,254.285,7.7,11.88,10.64,23.58,80.87,-1.32,12.121,10.206,790.0,16.79,3.375,10.875,0,1
139,2012,11,731.0,16272.7062267461,15362.0978554107,254.285,7.7,11.88,10.64,23.58,80.87,-1.32,12.121,10.206,790.0,16.79,3.375,10.875,0,0
140,2012,11,1252.0,16272.7062267461,15362.0978554107,254.285,7.7,11.88,10.64,23.58,80.87,-1.32,12.121,10.206,790.0,16.79,3.375,10.875,1,0
141,2012,12,4824.0,16411.0260159063,15498.6520671036,253.555,7.9,11.88,10.64,23.85,83.37,3.09,12.121,10.206,781.0,16.6,3.375,11.075,0,1
142,2012,12,1080.0,16411.0260159063,15498.6520671036,253.555,7.9,11.88,10.64,23.85,83.37,3.09,12.121,10.206,781.0,16.6,3.375,11.075,0,0
143,2012,12,1475.0,16411.0260159063,15498.6520671036,253.555,7.9,11.88,10.64,23.85,83.37,3.09,12.121,10.206,781.0,16.6,3.375,11.075,1,0
144,2013,1,2320.0,16503.9156844168,15554.4268779799,254.807,8.0,11.88,10.64,23.88,85.51,2.57,12.077,9.19,849.0,16.25,3.38,11.475,0,1
145,2013,1,599.0,16503.9156844168,15554.4268779799,254.807,8.0,11.88,10.64,23.88,85.51,2.57,12.077,9.19,849.0,16.25,3.38,11.475,0,0
146,2013,1,1036.0,16503.9156844168,15554.4268779799,254.807,8.0,11.88,10.64,23.88,85.51,2.57,12.077,9.19,849.0,16.25,3.38,11.475,1,0
147,2013,2,2872.0,16433.8827194721,15435.6751031323,256.234,7.7,11.94,10.12,23.9,89.71,4.91,12.077,9.19,849.0,16.25,3.38,11.75,0,1
148,2013,2,560.0,16433.8827194721,15435.6751031323,256.234,7.7,11.94,10.12,23.9,89.71,4.91,12.077,9.19,849.0,16.25,3.38,11.75,0,0
149,2013,2,1144.0,16433.8827194721,15435.6751031323,256.234,7.7,11.94,10.12,23.9,89.71,4.91,12.077,9.19,849.0,16.25,3.38,11.75,1,0
150,2013,3,3687.0,16488.5215961697,15485.7382618001,256.589,7.5,11.94,10.12,23.84,94.45,5.28,12.077,9.19,849.0,16.25,3.38,12.0,0,1
151,2013,3,682.0,16488.5215961697,15485.7382618001,256.589,7.5,11.94,10.12,23.84,94.45,5.28,12.077,9.19,849.0,16.25,3.38,12.0,0,0
152,2013,3,1346.0,16488.5215961697,15485.7382618001,256.589,7.5,11.94,10.12,23.84,94.45,5.28,12.077,9.19,849.0,16.25,3.38,12.0,1,0
153,2013,4,3883.0,16521.1339270874,15529.8356959387,255.967,7.6,11.94,10.12,23.92,92.54,-2.02,12.077,9.19,862.0,16.51,3.38,12.225,0,1
154,2013,4,718.0,16521.1339270874,15529.8356959387,255.967,7.6,11.94,10.12,23.92,92.54,-2.02,12.077,9.19,862.0,16.51,3.38,12.225,0,0
155,2013,4,1188.0,16521.1339270874,15529.8356959387,255.967,7.6,11.94,10.12,23.92,92.54,-2.02,12.077,9.19,862.0,16.51,3.38,12.225,1,0
156,2013,5,4170.0,16461.8732325745,15450.318635209,256.27,7.5,11.95,10.34,23.8,92.62,0.09,12.076,9.135,869.0,16.535,3.38,12.45,0,1
157,2013,5,749.0,16461.8732325745,15450.318635209,256.27,7.5,11.95,10.34,23.8,92.62,0.09,12.076,9.135,869.0,16.535,3.38,12.45,0,0
158,2013,5,1194.0,16461.8732325745,15450.318635209,256.27,7.5,11.95,10.34,23.8,92.62,0.09,12.076,9.135,869.0,16.535,3.38,12.45,1,0
159,2013,6,3360.0,16641.1628402815,15584.747527855,256.911,7.5,11.95,10.34,23.92,93.08,0.5,9.82,7.896,785.0,12.92,3.475,10.35,0,1
160,2013,6,678.0,16641.1628402815,15584.747527855,256.911,7.5,11.95,10.34,23.92,93.08,0.5,9.82,7.896,785.0,12.92,3.475,10.35,0,0
161,2013,6,1261.0,16641.1628402815,15584.747527855,256.911,7.5,11.95,10.34,23.92,93.08,0.5,9.82,7.896,785.0,12.92,3.475,10.35,1,0
162,2013,7,3320.0,16685.7422459966,15606.008068178,257.326,7.3,11.95,10.34,23.81,92.62,-0.49,10.025,7.579,815.0,12.872,3.475,10.35,0,1
163,2013,7,648.0,16685.7422459966,15606.008068178,257.326,7.3,11.95,10.34,23.81,92.62,-0.49,10.025,7.579,815.0,12.872,3.475,10.35,0,0
164,2013,7,1126.0,16685.7422459966,15606.008068178,257.326,7.3,11.95,10.34,23.81,92.62,-0.49,10.025,7.579,815.0,12.872,3.475,10.35,1,0
165,2013,8,3539.0,16776.9925650618,15673.4399705102,257.659,7.3,11.88,10.13,23.8,92.71,0.1,10.015,7.519,796.0,12.473,3.48,13.38,0,1
166,2013,8,687.0,16776.9925650618,15673.4399705102,257.659,7.3,11.88,10.13,23.8,92.71,0.1,10.015,7.519,796.0,12.473,3.48,13.38,0,0
167,2013,8,1311.0,16776.9925650618,15673.4399705102,257.659,7.3,11.88,10.13,23.8,92.71,0.1,10.015,7.519,796.0,12.473,3.48,13.38,1,0
168,2013,9,3720.0,16785.3121890169,15644.8322684107,258.504,7.2,11.88,10.13,24.16,90.09,-2.83,10.136,7.582,777.0,12.273,3.48,9.65,0,1
169,2013,9,681.0,16785.3121890169,15644.8322684107,258.504,7.2,11.88,10.13,24.16,90.09,-2.83,10.136,7.582,777.0,12.273,3.48,9.65,0,0
170,2013,9,1043.0,16785.3121890169,15644.8322684107,258.504,7.2,11.88,10.13,24.16,90.09,-2.83,10.136,7.582,777.0,12.273,3.48,9.65,1,0
171,2013,10,3590.0,16884.8548158416,15729.9593664586,257.069,7.2,11.88,10.13,24.04,89.35,-0.82,10.136,7.582,777.0,12.273,3.48,9.65,0,1
172,2013,10,785.0,16884.8548158416,15729.9593664586,257.069,7.2,11.88,10.13,24.04,89.35,-0.82,10.136,7.582,777.0,12.273,3.48,9.65,0,0
173,2013,10,1080.5,16884.8548158416,15729.9593664586,257.069,7.2,11.88,10.13,24.04,89.35,-0.82,10.136,7.582,777.0,12.273,3.48,9.65,1,0
174,2013,11,3834.0,17053.7381074546,15841.7587619459,257.377,6.9,11.85,10.22,24.11,84.65,-5.26,10.136,7.582,790.0,12.479,3.58,9.65,0,1
175,2013,11,798.0,17053.7381074546,15841.7587619459,257.377,6.9,11.85,10.22,24.11,84.65,-5.26,10.136,7.582,790.0,12.479,3.58,9.65,0,0
176,2013,11,1209.0,17053.7381074546,15841.7587619459,257.377,6.9,11.85,10.22,24.11,84.65,-5.26,10.136,7.582,790.0,12.479,3.58,9.65,1,0
177,2013,12,4865.0,17061.0710766589,15810.4101820915,257.284,6.7,11.85,10.22,24.3,87.49,3.35,10.136,7.582,788.0,12.443,3.58,9.65,0,1
178,2013,12,1085.0,17061.0710766589,15810.4101820915,257.284,6.7,11.85,10.22,24.3,87.49,3.35,10.136,7.582,788.0,12.443,3.58,9.65,0,0
179,2013,12,1566.0,17061.0710766589,15810.4101820915,257.284,6.7,11.85,10.22,24.3,87.49,3.35,10.136,7.582,788.0,12.443,3.58,9.65,1,0
180,2014,1,2961.0,16955.6086260419,15705.9726665754,259.596,6.6,11.85,10.22,24.35,90.96,3.97,10.206,7.465,807.0,12.551,3.58,9.75,0,1
181,2014,1,573.0,16955.6086260419,15705.9726665754,259.596,6.6,11.85,10.22,24.35,90.96,3.97,10.206,7.465,807.0,12.551,3.58,9.75,0,0
182,2014,1,1172.0,16955.6086260419,15705.9726665754,259.596,6.6,11.85,10.22,24.35,90.96,3.97,10.206,7.465,807.0,12.551,3.58,9.75,1,0
183,2014,2,3381.0,17028.5863480232,15762.5989199868,259.019,6.7,11.83,10.09,24.58,94.05,3.4,10.206,7.465,807.0,12.551,3.58,9.75,0,1
184,2014,2,636.0,17028.5863480232,15762.5989199868,259.019,6.7,11.83,10.09,24.58,94.05,3.4,10.206,7.465,807.0,12.551,3.58,9.75,0,0
185,2014,2,1123.0,17028.5863480232,15762.5989199868,259.019,6.7,11.83,10.09,24.58,94.05,3.4,10.206,7.465,807.0,12.551,3.58,9.75,1,0
186,2014,3,4268.0,17109.7770258219,15804.5190679663,259.971,6.7,11.83,10.09,24.5,96.95,3.08,10.206,7.465,807.0,12.551,3.58,9.95,0,1
187,2014,3,702.0,17109.7770258219,15804.5190679663,259.971,6.7,11.83,10.09,24.5,96.95,3.08,10.206,7.465,807.0,12.551,3.58,9.95,0,0
188,2014,3,1293.0,17109.7770258219,15804.5190679663,259.971,6.7,11.83,10.09,24.5,96.95,3.08,10.206,7.465,807.0,12.551,3.58,9.95,1,0
189,2014,4,4223.0,17208.8646835022,15870.1780534192,259.985,6.2,11.83,10.09,24.4,94.2,-2.84,10.206,7.465,787.0,12.234,3.58,9.975,0,1
190,2014,4,785.0,17208.8646835022,15870.1780534192,259.985,6.2,11.83,10.09,24.4,94.2,-2.84,10.206,7.465,787.0,12.234,3.58,9.975,0,0
191,2014,4,1196.0,17208.8646835022,15870.1780534192,259.985,6.2,11.83,10.09,24.4,94.2,-2.84,10.206,7.465,787.0,12.234,3.58,9.975,1,0
192,2014,5,4421.0,17345.3340279535,15946.7413358487,261.225,6.3,11.83,9.57,24.3,92.71,-1.58,10.206,7.345,802.0,12.275,3.58,9.675,0,1
193,2014,5,801.0,17345.3340279535,15946.7413358487,261.225,6.3,11.83,9.57,24.3,92.71,-1.58,10.206,7.345,802.0,12.275,3.58,9.675,0,0
194,2014,5,1257.0,17345.3340279535,15946.7413358487,261.225,6.3,11.83,9.57,24.3,92.71,-1.58,10.206,7.345,802.0,12.275,3.58,9.675,1,0
195,2014,6,3905.0,17408.5642886561,15990.9774182691,261.35,6.1,11.83,9.57,24.42,90.9,-1.95,10.943,8.594,811.0,14.512,3.675,9.22,0,1
196,2014,6,702.0,17408.5642886561,15990.9774182691,261.35,6.1,11.83,9.57,24.42,90.9,-1.95,10.943,8.594,811.0,14.512,3.675,9.22,0,0
197,2014,6,1080.5,17408.5642886561,15990.9774182691,261.35,6.1,11.83,9.57,24.42,90.9,-1.95,10.943,8.594,811.0,14.512,3.675,9.22,1,0
198,2014,7,3733.0,17551.7810654546,16089.4991872348,261.498,6.2,11.83,9.57,24.31,83.84,-7.77,11.191,8.594,804.0,15.955,3.775,9.72,0,1
199,2014,7,655.0,17551.7810654546,16089.4991872348,261.498,6.2,11.83,9.57,24.31,83.84,-7.77,11.191,8.594,804.0,15.955,3.775,9.72,0,0
200,2014,7,1175.0,17551.7810654546,16089.4991872348,261.498,6.2,11.83,9.57,24.31,83.84,-7.77,11.191,8.594,804.0,15.955,3.775,9.72,1,0
201,2014,8,4067.0,17684.6353487167,16196.4201317793,261.075,6.2,11.82,10.73,24.32,74.0,-11.74,11.191,10.065,808.0,16.946,3.775,10.15,0,1
202,2014,8,692.0,17684.6353487167,16196.4201317793,261.075,6.2,11.82,10.73,24.32,74.0,-11.74,11.191,10.065,808.0,16.946,3.775,10.15,0,0
203,2014,8,1337.0,17684.6353487167,16196.4201317793,261.075,6.2,11.82,10.73,24.32,74.0,-11.74,11.191,10.065,808.0,16.946,3.775,10.15,1,0
204,2014,9,4481.0,17630.3545858248,16133.04942679,261.074,5.9,11.82,10.73,24.5,73.38,-0.84,10.818,9.692,790.0,15.96,3.775,9.45,0,1
205,2014,9,1080.5,17630.3545858248,16133.04942679,261.074,5.9,11.82,10.73,24.5,73.38,-0.84,10.818,9.692,790.0,15.96,3.775,9.45,0,0
206,2014,9,1056.0,17630.3545858248,16133.04942679,261.074,5.9,11.82,10.73,24.5,73.38,-0.84,10.818,9.692,790.0,15.96,3.775,9.45,1,0
207,2014,10,4434.0,17709.436966528,16196.8144741713,260.5,5.7,11.82,10.73,24.52,70.34,-4.14,10.818,9.692,776.0,15.677,3.775,9.45,0,1
208,2014,10,757.0,17709.436966528,16196.8144741713,260.5,5.7,11.82,10.73,24.52,70.34,-4.14,10.818,9.692,776.0,15.677,3.775,9.45,0,0
209,2014,10,1153.0,17709.436966528,16196.8144741713,260.5,5.7,11.82,10.73,24.52,70.34,-4.14,10.818,9.692,776.0,15.677,3.775,9.45,1,0
210,2014,11,4525.0,17765.3375697651,16243.0547343862,259.382,5.8,11.99,10.47,24.78,67.53,-3.99,10.818,9.692,783.0,15.819,3.775,9.45,0,1
211,2014,11,803.0,17765.3375697651,16243.0547343862,259.382,5.8,11.99,10.47,24.78,67.53,-3.99,10.818,9.692,783.0,15.819,3.775,9.45,0,0
212,2014,11,1468.0,17765.3375697651,16243.0547343862,259.382,5.8,11.99,10.47,24.78,67.53,-3.99,10.818,9.692,783.0,15.819,3.775,9.45,1,0
213,2014,12,5664.0,17733.0244635913,16221.1801252161,258.08,5.6,11.99,10.47,24.59,68.3,1.14,10.818,9.692,760.0,15.345,3.775,9.45,0,1
214,2014,12,1070.0,17733.0244635913,16221.1801252161,258.08,5.6,11.99,10.47,24.59,68.3,1.14,10.818,9.692,760.0,15.345,3.775,9.45,0,0
215,2014,12,1967.0,17733.0244635913,16221.1801252161,258.08,5.6,11.99,10.47,24.59,68.3,1.14,10.818,9.692,760.0,15.345,3.775,9.45,1,0
